{"uvs": [[[0.5], [0.0], [0.5], [1.0], [0.6666666666666666], [0.0], [0.6666666666666666], [1.0], [0.8333333333333334], [0.0], [0.8333333333333334], [1.0], [1.0], [0.0], [1.0], [1.0], [0.16666666666666657], [0.0], [0.16666666666666657], [1.0], [0.33333333333333337], [0.0], [0.33333333333333337], [1.0]]], "normals": [[0.8660254037844386], [0.0], [0.4999999999999999], [-0.8660254037844386], [0.0], [-0.4999999999999999], [-0.8660254037844386], [0.0], [-0.4999999999999999], [0.8660254037844386], [0.0], [0.4999999999999999], [1.1102230246251565e-16], [0.0], [0.9999999999999999], [-1.1102230246251565e-16], [0.0], [-0.9999999999999999], [-1.1102230246251565e-16], [0.0], [-0.9999999999999999], [1.1102230246251565e-16], [0.0], [0.9999999999999999], [-0.8660254037844386], [0.0], [0.5000000000000002], [0.8660254037844386], [0.0], [-0.5000000000000002], [0.8660254037844386], [0.0], [-0.5000000000000002], [-0.8660254037844386], [0.0], [0.5000000000000002], [-0.8660254037844385], [0.0], [-0.49999999999999956], [0.8660254037844385], [0.0], [0.49999999999999956], [0.8660254037844385], [0.0], [0.49999999999999956], [-0.8660254037844385], [0.0], [-0.49999999999999956], [-2.220446049250313e-16], [0.0], [-1.0000000000000004], [2.220446049250313e-16], [0.0], [1.0000000000000004], [2.220446049250313e-16], [0.0], [1.0000000000000004], [-2.220446049250313e-16], [0.0], [-1.0000000000000004], [0.8660254037844386], [0.0], [-0.4999999999999999], [-0.8660254037844386], [0.0], [0.4999999999999999], [-0.8660254037844386], [0.0], [0.4999999999999999], [0.8660254037844386], [0.0], [-0.4999999999999999]], "faces": [[0.0], [1.0], [6.0], [6.0], [7.0], [1.0], [1.0], [2.0], [7.0], [7.0], [8.0], [2.0], [2.0], [3.0], [8.0], [8.0], [9.0], [3.0], [3.0], [4.0], [9.0], [9.0], [10.0], [4.0], [4.0], [5.0], [10.0], [10.0], [11.0], [5.0], [5.0], [6.0], [11.0], [11.0], [0.0], [6.0], [6.0], [7.0], [0.0], [0.0], [1.0], [7.0], [7.0], [8.0], [1.0], [1.0], [2.0], [8.0], [8.0], [9.0], [2.0], [2.0], [3.0], [9.0], [9.0], [10.0], [3.0], [3.0], [4.0], [10.0], [10.0], [11.0], [4.0], [4.0], [5.0], [11.0], [11.0], [0.0], [5.0], [5.0], [6.0], [0.0]], "vertices": [[1.0], [0.0], [0.0], [1.0], [1.0], [0.0], [0.5000000000000001], [0.0], [0.8660254037844386], [0.5000000000000001], [1.0], [0.8660254037844386], [-0.4999999999999998], [0.0], [0.8660254037844387], [-0.4999999999999998], [1.0], [0.8660254037844387], [-1.0], [0.0], [1.2246467991473532e-16], [-1.0], [1.0], [1.2246467991473532e-16], [-0.5000000000000004], [0.0], [-0.8660254037844384], [-0.5000000000000004], [1.0], [-0.8660254037844384], [0.5000000000000001], [0.0], [-0.8660254037844386], [0.5000000000000001], [1.0], [-0.8660254037844386]], "metadata": {"generatedBy": "Karl Bayer's 3d.py", "morphTargets": 0, "uvs": [72], "colors": 0, "bones": 0, "normals": 72, "vertices": 12, "materials": 0, "version": 1, "faces": 72, "type": "Geometry"}}